<application>
  <component name="ProjectJdkTable">
    <jdk version="2">
      <name value="1.7" />
      <type value="JavaSDK" />
      <version value="java version &quot;1.7.0_45&quot;" />
      <homePath value="D:/MyEclipse 2015 CI/binary/com.sun.java.jdk7.win32.x86_1.7.0.u45" />
      <roots>
        <annotationsPath>
          <root type="composite">
            <root type="simple" url="jar://$APPLICATION_HOME_DIR$/lib/jdkAnnotations.jar!/" />
          </root>
        </annotationsPath>
        <classPath>
          <root type="composite">
            <root type="simple" url="jar://D:/MyEclipse 2015 CI/binary/com.sun.java.jdk7.win32.x86_1.7.0.u45/jre/lib/charsets.jar!/" />
            <root type="simple" url="jar://D:/MyEclipse 2015 CI/binary/com.sun.java.jdk7.win32.x86_1.7.0.u45/jre/lib/deploy.jar!/" />
            <root type="simple" url="jar://D:/MyEclipse 2015 CI/binary/com.sun.java.jdk7.win32.x86_1.7.0.u45/jre/lib/javaws.jar!/" />
            <root type="simple" url="jar://D:/MyEclipse 2015 CI/binary/com.sun.java.jdk7.win32.x86_1.7.0.u45/jre/lib/jce.jar!/" />
            <root type="simple" url="jar://D:/MyEclipse 2015 CI/binary/com.sun.java.jdk7.win32.x86_1.7.0.u45/jre/lib/jfr.jar!/" />
            <root type="simple" url="jar://D:/MyEclipse 2015 CI/binary/com.sun.java.jdk7.win32.x86_1.7.0.u45/jre/lib/jfxrt.jar!/" />
            <root type="simple" url="jar://D:/MyEclipse 2015 CI/binary/com.sun.java.jdk7.win32.x86_1.7.0.u45/jre/lib/jsse.jar!/" />
            <root type="simple" url="jar://D:/MyEclipse 2015 CI/binary/com.sun.java.jdk7.win32.x86_1.7.0.u45/jre/lib/management-agent.jar!/" />
            <root type="simple" url="jar://D:/MyEclipse 2015 CI/binary/com.sun.java.jdk7.win32.x86_1.7.0.u45/jre/lib/plugin.jar!/" />
            <root type="simple" url="jar://D:/MyEclipse 2015 CI/binary/com.sun.java.jdk7.win32.x86_1.7.0.u45/jre/lib/resources.jar!/" />
            <root type="simple" url="jar://D:/MyEclipse 2015 CI/binary/com.sun.java.jdk7.win32.x86_1.7.0.u45/jre/lib/rt.jar!/" />
            <root type="simple" url="jar://D:/MyEclipse 2015 CI/binary/com.sun.java.jdk7.win32.x86_1.7.0.u45/jre/lib/ext/access-bridge-32.jar!/" />
            <root type="simple" url="jar://D:/MyEclipse 2015 CI/binary/com.sun.java.jdk7.win32.x86_1.7.0.u45/jre/lib/ext/dnsns.jar!/" />
            <root type="simple" url="jar://D:/MyEclipse 2015 CI/binary/com.sun.java.jdk7.win32.x86_1.7.0.u45/jre/lib/ext/jaccess.jar!/" />
            <root type="simple" url="jar://D:/MyEclipse 2015 CI/binary/com.sun.java.jdk7.win32.x86_1.7.0.u45/jre/lib/ext/localedata.jar!/" />
            <root type="simple" url="jar://D:/MyEclipse 2015 CI/binary/com.sun.java.jdk7.win32.x86_1.7.0.u45/jre/lib/ext/sunec.jar!/" />
            <root type="simple" url="jar://D:/MyEclipse 2015 CI/binary/com.sun.java.jdk7.win32.x86_1.7.0.u45/jre/lib/ext/sunjce_provider.jar!/" />
            <root type="simple" url="jar://D:/MyEclipse 2015 CI/binary/com.sun.java.jdk7.win32.x86_1.7.0.u45/jre/lib/ext/sunmscapi.jar!/" />
            <root type="simple" url="jar://D:/MyEclipse 2015 CI/binary/com.sun.java.jdk7.win32.x86_1.7.0.u45/jre/lib/ext/sunpkcs11.jar!/" />
            <root type="simple" url="jar://D:/MyEclipse 2015 CI/binary/com.sun.java.jdk7.win32.x86_1.7.0.u45/jre/lib/ext/zipfs.jar!/" />
          </root>
        </classPath>
        <javadocPath>
          <root type="composite">
            <root type="simple" url="http://docs.oracle.com/javafx/2/api/" />
          </root>
        </javadocPath>
        <sourcePath>
          <root type="composite">
            <root type="simple" url="jar://D:/MyEclipse 2015 CI/binary/com.sun.java.jdk7.win32.x86_1.7.0.u45/src.zip!/" />
          </root>
        </sourcePath>
      </roots>
      <additional />
    </jdk>
  </component>
</application>