<application>
  <component name="VimSettings">
    <state version="4" enabled="true" />
    <globalmarks />
    <filemarks>
      <file name="D:/IdeaProjects/Test2/TestIdea/src/com/humc/FirstIdea.java" timestamp="1440296774071">
        <mark key="[" line="19" column="8" />
        <mark key="]" line="19" column="11" />
        <mark key="." line="19" column="11" />
        <mark key="^" line="19" column="11" />
      </file>
    </filemarks>
    <jumps>
      <jump line="11" column="33" filename="D:/IdeaProjects/Test2/TestIdea/src/com/humc/FirstIdea.java" />
      <jump line="16" column="1" filename="D:/IdeaProjects/Test2/TestIdea/src/com/humc/FirstIdea.java" />
      <jump line="21" column="0" filename="D:/IdeaProjects/Test2/TestIdea/src/com/humc/FirstIdea.java" />
      <jump line="12" column="12" filename="D:/IdeaProjects/Test2/TestIdea/src/com/humc/FirstIdea.java" />
      <jump line="17" column="12" filename="D:/IdeaProjects/Test2/TestIdea/src/com/humc/FirstIdea.java" />
      <jump line="14" column="12" filename="D:/IdeaProjects/Test2/TestIdea/src/com/humc/FirstIdea.java" />
      <jump line="19" column="12" filename="D:/IdeaProjects/Test2/TestIdea/src/com/humc/FirstIdea.java" />
      <jump line="9" column="12" filename="D:/IdeaProjects/Test2/TestIdea/src/com/humc/FirstIdea.java" />
      <jump line="0" column="0" filename="D:/IdeaProjects/Test2/TestIdea/src/com/humc/FirstIdea.java" />
      <jump line="25" column="0" filename="D:/IdeaProjects/Test2/TestIdea/src/com/humc/FirstIdea.java" />
      <jump line="23" column="0" filename="D:/IdeaProjects/Test2/TestIdea/src/com/humc/FirstIdea.java" />
      <jump line="15" column="13" filename="D:/IdeaProjects/Test2/TestIdea/src/com/humc/FirstIdea.java" />
      <jump line="8" column="23" filename="D:/IdeaProjects/Test2/TestIdea/src/com/humc/FirstIdea.java" />
      <jump line="10" column="19" filename="D:/IdeaProjects/Test2/TestIdea/src/com/humc/FirstIdea.java" />
      <jump line="13" column="21" filename="D:/IdeaProjects/Test2/TestIdea/src/com/humc/FirstIdea.java" />
    </jumps>
    <registers>
      <register name="&quot;" type="4">
        <text>p</text>
      </register>
      <register name="-" type="4">
        <text>p</text>
      </register>
      <register name="/" type="4">
        <text>in</text>
      </register>
      <register name="0" type="4">
        <text>System.out.print(&quot;b&quot;);</text>
      </register>
      <register name="1" type="4">
        <text>p</text>
      </register>
      <register name="2" type="4">
        <text>prouttln</text>
      </register>
      <register name="3" type="4">
        <text>prouttln</text>
      </register>
      <register name="4" type="4">
        <text>proutt</text>
      </register>
      <register name="5" type="4">
        <text>prouttln</text>
      </register>
      <register name="6" type="4">
        <text>prouttln</text>
      </register>
      <register name="7" type="4">
        <text>proutt</text>
      </register>
      <register name="8" type="4">
        <text />
      </register>
      <register name="9" type="4">
        <text>proutt</text>
      </register>
      <register name=":" type="4">
        <text>w</text>
      </register>
    </registers>
    <search>
      <last-search>out</last-search>
      <last-offset />
      <last-pattern>in</last-pattern>
      <last-replace>out</last-replace>
      <last-substitute>in</last-substitute>
      <last-dir>1</last-dir>
      <show-last>false</show-last>
    </search>
    <history>
      <history-search>
        <entry>find</entry>
        <entry>system</entry>
        <entry>System</entry>
        <entry>:wq</entry>
        <entry>.,$s</entry>
        <entry>:.,$s</entry>
        <entry>:.,$</entry>
        <entry>:s</entry>
        <entry>out</entry>
        <entry>in</entry>
      </history-search>
      <history-cmd>
        <entry>.,$/s/out/in/g</entry>
        <entry>s/out/in/g</entry>
        <entry>/s/out/in/g</entry>
        <entry>.,$s/out/in/g</entry>
        <entry>%s/in/out/g</entry>
        <entry>w</entry>
      </history-cmd>
      <history-expr />
      <history-input />
    </history>
    <shortcut-conflicts>
      <shortcut-conflict owner="vim">
        <text>ctrl pressed C</text>
      </shortcut-conflict>
      <shortcut-conflict owner="vim">
        <text>ctrl pressed V</text>
      </shortcut-conflict>
      <shortcut-conflict owner="vim">
        <text>ctrl pressed U</text>
      </shortcut-conflict>
      <shortcut-conflict owner="ide">
        <text>ctrl pressed A</text>
      </shortcut-conflict>
      <shortcut-conflict owner="ide">
        <text>ctrl pressed B</text>
      </shortcut-conflict>
      <shortcut-conflict owner="ide">
        <text>ctrl pressed W</text>
      </shortcut-conflict>
      <shortcut-conflict owner="ide">
        <text>ctrl pressed N</text>
      </shortcut-conflict>
      <shortcut-conflict owner="ide">
        <text>ctrl pressed O</text>
      </shortcut-conflict>
      <shortcut-conflict owner="ide">
        <text>ctrl pressed P</text>
      </shortcut-conflict>
      <shortcut-conflict owner="ide">
        <text>ctrl pressed E</text>
      </shortcut-conflict>
      <shortcut-conflict owner="ide">
        <text>ctrl pressed F</text>
      </shortcut-conflict>
      <shortcut-conflict owner="ide">
        <text>ctrl pressed Q</text>
      </shortcut-conflict>
      <shortcut-conflict owner="ide">
        <text>ctrl pressed 2</text>
      </shortcut-conflict>
      <shortcut-conflict owner="vim">
        <text>ctrl pressed R</text>
      </shortcut-conflict>
      <shortcut-conflict owner="ide">
        <text>ctrl pressed G</text>
      </shortcut-conflict>
      <shortcut-conflict owner="ide">
        <text>ctrl pressed H</text>
      </shortcut-conflict>
      <shortcut-conflict owner="ide">
        <text>ctrl pressed I</text>
      </shortcut-conflict>
    </shortcut-conflicts>
  </component>
</application>