<keymap version="1" name="Default copy" parent="$default">
  <action id="EditorNextWord">
    <keyboard-shortcut first-keystroke="control RIGHT" />
    <keyboard-shortcut first-keystroke="alt L" />
  </action>
  <action id="EditorPreviousWord">
    <keyboard-shortcut first-keystroke="control LEFT" />
    <keyboard-shortcut first-keystroke="alt H" />
  </action>
  <action id="SwitchApply">
    <keyboard-shortcut first-keystroke="shift alt ENTER" />
  </action>
  <action id="SwitchDown">
    <keyboard-shortcut first-keystroke="shift alt DOWN" />
  </action>
  <action id="SwitchLeft">
    <keyboard-shortcut first-keystroke="shift alt LEFT" />
  </action>
  <action id="SwitchRight">
    <keyboard-shortcut first-keystroke="shift alt RIGHT" />
  </action>
  <action id="SwitchUp">
    <keyboard-shortcut first-keystroke="shift alt UP" />
  </action>
  <action id="VimPluginToggle">
    <keyboard-shortcut first-keystroke="control alt V" />
    <keyboard-shortcut first-keystroke="alt V" />
  </action>
</keymap>